{"inputUnits":[34],"outputUnits":5,"inputs":{"0":{"dtype":"number","min":34.34385128986047,"max":457.2231046327821},"1":{"dtype":"number","min":111.6120762212731,"max":337.261980702441},"2":{"dtype":"number","min":29.221369524410264,"max":448.3594664339889},"3":{"dtype":"number","min":105.98357204333354,"max":328.72284885510396},"4":{"dtype":"number","min":29.285728365530765,"max":464.62148347253463},"5":{"dtype":"number","min":107.98084066071863,"max":331.52535761376765},"6":{"dtype":"number","min":32.23983111548517,"max":429.57020325419506},"7":{"dtype":"number","min":115.6336850414944,"max":328.4935882212123},"8":{"dtype":"number","min":19.975631060767267,"max":461.39448945160507},"9":{"dtype":"number","min":115.97815190771675,"max":328.9084966637281},"10":{"dtype":"number","min":7.374786495698565,"max":417.6037372039914},"11":{"dtype":"number","min":147.64333405847216,"max":351.24614374183034},"12":{"dtype":"number","min":5.6226060919260705,"max":480.07254025351676},"13":{"dtype":"number","min":144.86560509826424,"max":351.0067915267054},"14":{"dtype":"number","min":-20.623009826422667,"max":430.5888538880107},"15":{"dtype":"number","min":168.1919302736275,"max":411.5454113437044},"16":{"dtype":"number","min":-7.79217493673243,"max":502.5292980624544},"17":{"dtype":"number","min":165.29721449321346,"max":405.1427539869969},"18":{"dtype":"number","min":-0.1051978842293706,"max":453.26227447866},"19":{"dtype":"number","min":152.72106185497478,"max":430.4178931091546},"20":{"dtype":"number","min":-17.110810632371717,"max":494.4324585435919},"21":{"dtype":"number","min":148.59723517866914,"max":424.79192711499877},"22":{"dtype":"number","min":12.731783974495379,"max":425.45139179155524},"23":{"dtype":"number","min":194.929892395257,"max":446.6577967781037},"24":{"dtype":"number","min":19.968822197227627,"max":468.44736655862414},"25":{"dtype":"number","min":195.67223099882966,"max":440.53524239981687},"26":{"dtype":"number","min":0.8264013950926784,"max":439.06280235557705},"27":{"dtype":"number","min":228.9767651984664,"max":530.8532738592838},"28":{"dtype":"number","min":11.785953981867097,"max":473.4322618417703},"29":{"dtype":"number","min":229.29833556891418,"max":525.5700303608342},"30":{"dtype":"number","min":7.577084196216865,"max":449.00832595528334},"31":{"dtype":"number","min":263.0741199537938,"max":580.3545952585421},"32":{"dtype":"number","min":10.332243804337914,"max":478.5042049170468},"33":{"dtype":"number","min":262.1172870086789,"max":582.6989318610165}},"outputs":{"0":{"dtype":"string","min":0,"max":1,"uniqueValues":["jumping","running","sit","standing","walk"],"legend":{"jumping":[1,0,0,0,0],"running":[0,1,0,0,0],"sit":[0,0,1,0,0],"standing":[0,0,0,1,0],"walk":[0,0,0,0,1]}}},"isNormalized":true}