{"inputUnits":[34],"outputUnits":5,"inputs":{"0":{"dtype":"number","min":214.66598213878586,"max":397.14541008500277},"1":{"dtype":"number","min":12.42559766954949,"max":282.6333030374134},"2":{"dtype":"number","min":218.3746231019729,"max":399.0372783942909},"3":{"dtype":"number","min":1.7466620063039642,"max":272.23873450134516},"4":{"dtype":"number","min":213.74324219699963,"max":393.84084857391474},"5":{"dtype":"number","min":4.646572305998447,"max":272.28017072269427},"6":{"dtype":"number","min":236.84810430623213,"max":395.6288737731221},"7":{"dtype":"number","min":11.144824788728116,"max":276.98103596728134},"8":{"dtype":"number","min":220.92567651652178,"max":387.3530097694249},"9":{"dtype":"number","min":11.212153453307394,"max":271.53261949116154},"10":{"dtype":"number","min":232.50547653970088,"max":414.27029739558003},"11":{"dtype":"number","min":66.16066661790188,"max":310.2497578780475},"12":{"dtype":"number","min":232.98486434995897,"max":418.221580416312},"13":{"dtype":"number","min":63.292062959782356,"max":309.32744304493707},"14":{"dtype":"number","min":224.43530962161054,"max":429.82241738167255},"15":{"dtype":"number","min":56.6988838878587,"max":360.81153275901704},"16":{"dtype":"number","min":218.00520485013377,"max":466.9021927058001},"17":{"dtype":"number","min":53.39507937895186,"max":364.6317727649258},"18":{"dtype":"number","min":186.24285389941028,"max":431.73953163948505},"19":{"dtype":"number","min":36.98823535488738,"max":381.5807749232429},"20":{"dtype":"number","min":203.5067523407101,"max":484.1466412377265},"21":{"dtype":"number","min":25.9427865469966,"max":368.92813953444187},"22":{"dtype":"number","min":252.9642756718142,"max":383.67039543181545},"23":{"dtype":"number","min":193.37987758770066,"max":404.4535132975894},"24":{"dtype":"number","min":253.09351108417437,"max":402.179348125532},"25":{"dtype":"number","min":197.5155146854861,"max":402.85184244237524},"26":{"dtype":"number","min":241.17061763422035,"max":402.36505560373985},"27":{"dtype":"number","min":265.18470734473794,"max":448.77036128062684},"28":{"dtype":"number","min":245.6029626274851,"max":396.39768192276415},"29":{"dtype":"number","min":297.0683448880563,"max":436.84638160675877},"30":{"dtype":"number","min":235.31767878550963,"max":399.36234663432674},"31":{"dtype":"number","min":352.58150924504497,"max":524.2818531080907},"32":{"dtype":"number","min":254.38912833247204,"max":398.6676124468852},"33":{"dtype":"number","min":343.3520436565236,"max":530.2580920267662}},"outputs":{"0":{"dtype":"string","min":0,"max":1,"uniqueValues":["walk","sit","jump","stand","greeting"],"legend":{"walk":[1,0,0,0,0],"sit":[0,1,0,0,0],"jump":[0,0,1,0,0],"stand":[0,0,0,1,0],"greeting":[0,0,0,0,1]}}},"isNormalized":true}