{
  "inputUnits": [34],
  "outputUnits": 3,
  "inputs": {
    "0": {
      "dtype": "number",
      "min": 210.93320141506567,
      "max": 393.8201779614163
    },
    "1": {
      "dtype": "number",
      "min": 40.74943638961139,
      "max": 415.431197941999
    },
    "2": {
      "dtype": "number",
      "min": 218.297946796343,
      "max": 393.9086566732088
    },
    "3": {
      "dtype": "number",
      "min": 32.32154341523285,
      "max": 415.5763654300675
    },
    "4": {
      "dtype": "number",
      "min": 216.97661759788426,
      "max": 386.96466468187623
    },
    "5": {
      "dtype": "number",
      "min": 36.41313575121215,
      "max": 409.50300758450874
    },
    "6": {
      "dtype": "number",
      "min": 252.17275894105666,
      "max": 379.13782498252067
    },
    "7": {
      "dtype": "number",
      "min": 37.57658027025512,
      "max": 422.69106022578734
    },
    "8": {
      "dtype": "number",
      "min": 242.65274077537921,
      "max": 378.5127774843446
    },
    "9": {
      "dtype": "number",
      "min": 39.411991635185274,
      "max": 418.0441937279609
    },
    "10": {
      "dtype": "number",
      "min": 231.1409489375608,
      "max": 373.0841919420294
    },
    "11": {
      "dtype": "number",
      "min": 77.6328460159005,
      "max": 443.1896931095346
    },
    "12": {
      "dtype": "number",
      "min": 227.1695397521735,
      "max": 402.6259740688458
    },
    "13": {
      "dtype": "number",
      "min": 75.63092183510153,
      "max": 432.9865356920294
    },
    "14": {
      "dtype": "number",
      "min": 205.84742208399197,
      "max": 392.3696709421358
    },
    "15": {
      "dtype": "number",
      "min": 129.00366994657406,
      "max": 483.09346655463435
    },
    "16": {
      "dtype": "number",
      "min": 212.37997685888863,
      "max": 422.20852981745503
    },
    "17": {
      "dtype": "number",
      "min": 120.73684098655613,
      "max": 476.1650423873723
    },
    "18": {
      "dtype": "number",
      "min": 225.95818783058732,
      "max": 400.22098986555164
    },
    "19": {
      "dtype": "number",
      "min": 156.57983445935676,
      "max": 497.37643349495386
    },
    "20": {
      "dtype": "number",
      "min": 212.79829567044627,
      "max": 422.23195948025597
    },
    "21": {
      "dtype": "number",
      "min": 162.39260781136005,
      "max": 496.42229844623967
    },
    "22": {
      "dtype": "number",
      "min": 251.37645083178808,
      "max": 395.8255120659617
    },
    "23": {
      "dtype": "number",
      "min": 161.51216974518178,
      "max": 524.0566642553426
    },
    "24": {
      "dtype": "number",
      "min": 255.77606319917317,
      "max": 407.0072515465406
    },
    "25": {
      "dtype": "number",
      "min": 162.5528265808343,
      "max": 517.6168138600509
    },
    "26": {
      "dtype": "number",
      "min": 208.7255158776903,
      "max": 442.49963188913546
    },
    "27": {
      "dtype": "number",
      "min": 232.7775039375988,
      "max": 568.3558387607916
    },
    "28": {
      "dtype": "number",
      "min": 198.12610321935512,
      "max": 415.7537081826058
    },
    "29": {
      "dtype": "number",
      "min": 233.5762475158454,
      "max": 568.356105938032
    },
    "30": {
      "dtype": "number",
      "min": 183.5833740234375,
      "max": 445.76074978720817
    },
    "31": {
      "dtype": "number",
      "min": 292.8118730240759,
      "max": 586.4364232163485
    },
    "32": {
      "dtype": "number",
      "min": 181.16349157192363,
      "max": 445.6265941575344
    },
    "33": {
      "dtype": "number",
      "min": 299.86494249870805,
      "max": 587.819581978052
    }
  },
  "outputs": {
    "0": {
      "dtype": "string",
      "min": 0,
      "max": 1,
      "uniqueValues": ["lie", "sit", "stand"],
      "legend": { "lie": [1, 0, 0], "sit": [0, 1, 0], "stand": [0, 0, 1] }
    }
  },
  "isNormalized": true
}
