{
  "inputUnits": [34],
  "outputUnits": 2,
  "inputs": {
    "0": {
      "dtype": "number",
      "min": 191.51781965322533,
      "max": 627.9914107860758
    },
    "1": {
      "dtype": "number",
      "min": 116.26873031200603,
      "max": 231.57398446524655
    },
    "2": {
      "dtype": "number",
      "min": 260.5140478230636,
      "max": 634.2412124811907
    },
    "3": {
      "dtype": "number",
      "min": 112.00014344449173,
      "max": 219.89786942181422
    },
    "4": {
      "dtype": "number",
      "min": 204.74328067052227,
      "max": 642.6919638785871
    },
    "5": {
      "dtype": "number",
      "min": 108.9847727972246,
      "max": 212.23262801708415
    },
    "6": {
      "dtype": "number",
      "min": 384.57126840079343,
      "max": 548.4375189992704
    },
    "7": {
      "dtype": "number",
      "min": 146.00610399060676,
      "max": 232.6397610081773
    },
    "8": {
      "dtype": "number",
      "min": 168.73727405117643,
      "max": 630.553504557925
    },
    "9": {
      "dtype": "number",
      "min": 100.23447830853294,
      "max": 220.47575598097035
    },
    "10": {
      "dtype": "number",
      "min": 328.44378816478445,
      "max": 636.8521225034958
    },
    "11": {
      "dtype": "number",
      "min": 287.9577992955071,
      "max": 503.5022305143483
    },
    "12": {
      "dtype": "number",
      "min": 74.3033110028575,
      "max": 646.4445887465422
    },
    "13": {
      "dtype": "number",
      "min": 279.82078938168775,
      "max": 471.4605902883329
    },
    "14": {
      "dtype": "number",
      "min": 398.9827360902779,
      "max": 676.149914218294
    },
    "15": {
      "dtype": "number",
      "min": 369.07427004803014,
      "max": 569.1031156903575
    },
    "16": {
      "dtype": "number",
      "min": -19.848582939415127,
      "max": 643.8690108362339
    },
    "17": {
      "dtype": "number",
      "min": 295.7297536649593,
      "max": 616.1918004848613
    },
    "18": {
      "dtype": "number",
      "min": 273.4142211439081,
      "max": 654.2558983235044
    },
    "19": {
      "dtype": "number",
      "min": 347.6675046928198,
      "max": 564.8075172038393
    },
    "20": {
      "dtype": "number",
      "min": -21.82143155702821,
      "max": 651.9948283985894
    },
    "21": {
      "dtype": "number",
      "min": 306.4668552977566,
      "max": 570.2302046601411
    },
    "22": {
      "dtype": "number",
      "min": 292.64891034434277,
      "max": 612.0649131448353
    },
    "23": {
      "dtype": "number",
      "min": 439.28585839178777,
      "max": 569.1861353774016
    },
    "24": {
      "dtype": "number",
      "min": 122.91577231559309,
      "max": 637.8273172415649
    },
    "25": {
      "dtype": "number",
      "min": 319.55520956432775,
      "max": 593.6953770975194
    },
    "26": {
      "dtype": "number",
      "min": 281.7241080911243,
      "max": 660.0500702023043
    },
    "27": {
      "dtype": "number",
      "min": 447.52745157085974,
      "max": 548.5097245390778
    },
    "28": {
      "dtype": "number",
      "min": 67.81286454850134,
      "max": 646.4997845957715
    },
    "29": {
      "dtype": "number",
      "min": 362.0584507211173,
      "max": 569.6909115564962
    },
    "30": {
      "dtype": "number",
      "min": 274.0093177765724,
      "max": 647.2245046415218
    },
    "31": {
      "dtype": "number",
      "min": 507.37247452197835,
      "max": 556.2796053162808
    },
    "32": {
      "dtype": "number",
      "min": 60.06063498411661,
      "max": 642.7450163726213
    },
    "33": {
      "dtype": "number",
      "min": 429.9060474202791,
      "max": 556.1347893147154
    }
  },
  "outputs": {
    "0": {
      "dtype": "string",
      "min": 0,
      "max": 1,
      "uniqueValues": ["hello", "no"],
      "legend": { "hello": [1, 0], "no": [0, 1] }
    }
  },
  "isNormalized": true
}
