{
  "inputUnits": [34],
  "outputUnits": 4,
  "inputs": {
    "0": {
      "dtype": "number",
      "min": 72.42443099559976,
      "max": 605.2462744805599
    },
    "1": {
      "dtype": "number",
      "min": 31.62865130353994,
      "max": 299.5412768649684
    },
    "2": {
      "dtype": "number",
      "min": 80.17702770604234,
      "max": 590.7322817553807
    },
    "3": {
      "dtype": "number",
      "min": 20.78014447995197,
      "max": 296.40513973013435
    },
    "4": {
      "dtype": "number",
      "min": 78.48948705057227,
      "max": 592.2218198071195
    },
    "5": {
      "dtype": "number",
      "min": 21.64970190144699,
      "max": 297.0559229275596
    },
    "6": {
      "dtype": "number",
      "min": 116.2084263308039,
      "max": 585.9706466021705
    },
    "7": {
      "dtype": "number",
      "min": 33.12735353462428,
      "max": 277.66408141021134
    },
    "8": {
      "dtype": "number",
      "min": 95.65029634112051,
      "max": 627.4743842336454
    },
    "9": {
      "dtype": "number",
      "min": 32.65966511885944,
      "max": 282.48158080104724
    },
    "10": {
      "dtype": "number",
      "min": 170.19207787420964,
      "max": 576.5946503279274
    },
    "11": {
      "dtype": "number",
      "min": 90.13450058517753,
      "max": 293.4229156850377
    },
    "12": {
      "dtype": "number",
      "min": 112.23020739128617,
      "max": 634.053629715619
    },
    "13": {
      "dtype": "number",
      "min": 87.30991229936771,
      "max": 301.0703452737415
    },
    "14": {
      "dtype": "number",
      "min": 186.31649150922604,
      "max": 543.317194244741
    },
    "15": {
      "dtype": "number",
      "min": 59.57805589015382,
      "max": 362.6400667776857
    },
    "16": {
      "dtype": "number",
      "min": 77.57347166306315,
      "max": 639.6582770440365
    },
    "17": {
      "dtype": "number",
      "min": 56.0131812188412,
      "max": 368.9133889758633
    },
    "18": {
      "dtype": "number",
      "min": 157.11062509262143,
      "max": 564.3135355789838
    },
    "19": {
      "dtype": "number",
      "min": 4.271782010445804,
      "max": 400.9808233832571
    },
    "20": {
      "dtype": "number",
      "min": -2.296050847272465,
      "max": 641.9756382448664
    },
    "21": {
      "dtype": "number",
      "min": 2.566568990625754,
      "max": 447.6572296498814
    },
    "22": {
      "dtype": "number",
      "min": 147.12804297064991,
      "max": 575.4465244159625
    },
    "23": {
      "dtype": "number",
      "min": 233.36872264105057,
      "max": 436.87049850879475
    },
    "24": {
      "dtype": "number",
      "min": 132.08309663408926,
      "max": 622.3590159137889
    },
    "25": {
      "dtype": "number",
      "min": 234.7907135366002,
      "max": 446.64382993943036
    },
    "26": {
      "dtype": "number",
      "min": 147.06403561603236,
      "max": 555.6667154215653
    },
    "27": {
      "dtype": "number",
      "min": 339.0387473496018,
      "max": 534.9190832947015
    },
    "28": {
      "dtype": "number",
      "min": 118.48563635859509,
      "max": 618.2995557970575
    },
    "29": {
      "dtype": "number",
      "min": 337.5928399349465,
      "max": 528.0112964912147
    },
    "30": {
      "dtype": "number",
      "min": 152.87591243996232,
      "max": 564.7363085320023
    },
    "31": {
      "dtype": "number",
      "min": 412.805030911813,
      "max": 564.6426100675234
    },
    "32": {
      "dtype": "number",
      "min": 117.16645622995577,
      "max": 623.255372993677
    },
    "33": {
      "dtype": "number",
      "min": 431.17471182856576,
      "max": 562.8978488788531
    }
  },
  "outputs": {
    "0": {
      "dtype": "string",
      "min": 0,
      "max": 1,
      "uniqueValues": ["sit", "stand", "greeting", "pt"],
      "legend": {
        "sit": [1, 0, 0, 0],
        "stand": [0, 1, 0, 0],
        "greeting": [0, 0, 1, 0],
        "pt": [0, 0, 0, 1]
      }
    }
  },
  "isNormalized": true
}
